{"cameraMode":{"drawMode":0,"name":"Shaded","section":"Shading Mode"},"sceneLighting":true,"audioPlay":false,"sceneViewState":{"m_AlwaysRefresh":false,"showFog":true,"showSkybox":true,"showFlares":true,"showImageEffects":true,"showParticleSystems":true,"showVisualEffectGraphs":true,"m_FxEnabled":true},"in2DMode":false,"pivot":{"x":71.99393463134766,"y":7.5236711502075199,"z":31.69521713256836},"rotation":{"x":0.27676889300346377,"y":0.050122134387493137,"z":-0.014491589739918709,"w":0.959568202495575},"size":9.961505889892579,"orthographic":false}